{
    "validation_mse": 22.97614506312779,
    "validation_r2": 0.9082444906234741,
    "epochs": 500
}